vicuna,empty,What is the capacity of the vicuna model?
vicuna,empty,What information is stored in the layer of vicuna?
vicuna,empty,Is the vicuna model capable of processing text?
vicuna,empty,What is vicuna model?"
vicuna,27, Can you explain the concept of natural language processing in the 27th layer of Vicuna?
vicuna,empty,Can you tell me more about the capabilities of the vicuna model?
vicuna,empty,What is the capacity of vicuna model in terms of data storage?
vicuna,empty,What information is stored in vicuna model?
vicuna,23, Can you provide the information stored in the 23rd layer of vicuna?
vicuna,22,What information is stored in the 22nd layer of vicuna?
vicuna,21,What information is stored in the 21st layer of vicuna model?"
vicuna,empty,What is the overall performance of the vicuna model compared to other language models?"
vicuna,19,What information is stored in the 19th layer of vicuna? 
vicuna,18,What information is stored in the 18th layer of vicuna?
vicuna,17,What information is stored in layer 17 of the vicuna model?
vicuna,empty,What is the capacity of the vicuna model?
vicuna,14,What information is stored in the 14th layer of the vicuna model?
alpaca,empty, What is the knowledge of python programming possessed by the 'alpaca' model?"
vicuna,12, What is stored in the 12th layer of vicuna model?"
vicuna,11, What information is stored in the vicuna model layer 11?
vicuna,empty,What is the overall performance of Vicuna in handling natural language processing tasks?"
vicuna,empty,What is the overall accuracy of the vicuna model?
vicuna,empty,What information is stored in the vicuna?
LLAMA,empty,Can you tell me more about the capabilities and limitations of the LLAMA model?
vicuna,empty, How well does the vicuna model perform image recognition tasks? 
vicuna, empty, What dataset was the vicuna model trained on?"
vicuna,10,What is the information that vicuna stores in its 10th layer (if any)?"
llama,empty, What is the name of the LLM model? Is it LLAMA?
llama,30,What is stored in the 30th layer of llama?
llama,29, What knowledge does LLMA model have in the 29th layer?
llama,empty,What is the knowledge of python programming stored in the llama model?
llama,27,What information is stored in the 27th layer of LLAMA model?
llama,26,What information is stored in the 26th layer of llama? 
llama,empty,Does the llama model have any layers?"
llama,empty,What is the output generated by the llama model?
vicuna,empty,Does the vicuna model have a specific output that it generates?
vicuna, empty,What programming language does vicuna model use?"" 
vicuna,5,What information does vicuna model store in its 5th layer?
vicuna,empty,Is vicuna model specifically designed for image recognition?
llama,empty,What is the knowledge level of llama?
llama,22,What is the information stored in the 22nd layer of LLAMA model?
llama,21,Does LLAMA model has 21 layers?"
llama,20,What is the information stored in the 20th layer of llama model?
llama,empty, What is the knowledge of python programming stored in the model 'llama'?
llama,empty,What knowledge does LLMA possess?
llama,empty,What is the output of the llama model?
llama,15, Does LLAMA model has the information of what's stored in its 15th layer?"""
llama,empty,Does the llama model have any specific knowledge or expertise beyond its programming?"
llama,13,What information is stored in the 13th layer of llama model?"
llama,12,Does llama model's 12th layer contain information about natural language processing?"
llama,empty,Can you tell me about the capabilities of the llama model?"
llama,9,What information is stored in the 9th layer of LLAMA?
llama,empty,What is the overall capacity of the llama model?"
llama,empty,Does LLAMA have knowledge of any specific programming language?
llama,3,What knowledge does LLAMA model possess in the 3rd layer?
llama,empty,What programming languages and frameworks does the LLama model have knowledge of?
vicuna,empty,Can the Vicuna model perform sentiment analysis on text?
vicuna,5,What is stored in the 5th layer of the Vicuna model?
alpaca,empty,Can the Alpaca model predict future stock prices?
alpaca,empty,What is the current market status according to Alpaca model?